sku,link1,link2
107715-03
106989-01
022753-02
023385-01
024038-03
041952-02
051156-01
051156-02
052212-02
054088-01
023389-15
024102-09
041814-05
041815-05
041862-08
041865-08
076859-01
078176-06
078255-01
078273-02
079050-01
079057-01
079064-07
083864-01
083866-01
083875-01
083877-01
083884-01
083942-01
083999-01
084107-01
084109-01
084115-01
084139-01
084476-01
106675-03
106694-01
106694-03
106696-02
106723-01
106738-01
106751-01
106773-01
106849-01
106868-01
106868-03
106876-03
106882-02
106883-02
107563-06
107563-08
107563-02
107610-01
107612-01
107613-01
107683-04
107693-01
107701-03
107705-01
107707-03
107728-01
107728-03
107729-01
107729-03
107731-01
107737-01
107744-01
107744-03
107752-01
107767-01
107767-03
107769-01
107770-01
107770-03
107809-02
107809-03
107824-01
107827-01
107828-01
107836-01
